-- MySQL dump 10.13  Distrib 5.7.17, for Win64 (x86_64)
--
-- Host: localhost    Database: toystore
-- ------------------------------------------------------
-- Server version	5.7.18-log

/*!40101 SET @OLD_CHARACTER_SET_CLIENT=@@CHARACTER_SET_CLIENT */;
/*!40101 SET @OLD_CHARACTER_SET_RESULTS=@@CHARACTER_SET_RESULTS */;
/*!40101 SET @OLD_COLLATION_CONNECTION=@@COLLATION_CONNECTION */;
/*!40101 SET NAMES utf8 */;
/*!40103 SET @OLD_TIME_ZONE=@@TIME_ZONE */;
/*!40103 SET TIME_ZONE='+00:00' */;
/*!40014 SET @OLD_UNIQUE_CHECKS=@@UNIQUE_CHECKS, UNIQUE_CHECKS=0 */;
/*!40014 SET @OLD_FOREIGN_KEY_CHECKS=@@FOREIGN_KEY_CHECKS, FOREIGN_KEY_CHECKS=0 */;
/*!40101 SET @OLD_SQL_MODE=@@SQL_MODE, SQL_MODE='NO_AUTO_VALUE_ON_ZERO' */;
/*!40111 SET @OLD_SQL_NOTES=@@SQL_NOTES, SQL_NOTES=0 */;

--
-- Table structure for table `banner`
--

DROP TABLE IF EXISTS `banner`;
/*!40101 SET @saved_cs_client     = @@character_set_client */;
/*!40101 SET character_set_client = utf8 */;
CREATE TABLE `banner` (
  `url` varchar(1010) NOT NULL,
  `id` int(11) NOT NULL,
  PRIMARY KEY (`id`)
) ENGINE=InnoDB DEFAULT CHARSET=utf8;
/*!40101 SET character_set_client = @saved_cs_client */;

--
-- Dumping data for table `banner`
--

LOCK TABLES `banner` WRITE;
/*!40000 ALTER TABLE `banner` DISABLE KEYS */;
INSERT INTO `banner` VALUES ('https://www.fiverr.com/inbox/gofigurefigures',1);
/*!40000 ALTER TABLE `banner` ENABLE KEYS */;
UNLOCK TABLES;

--
-- Table structure for table `category`
--

DROP TABLE IF EXISTS `category`;
/*!40101 SET @saved_cs_client     = @@character_set_client */;
/*!40101 SET character_set_client = utf8 */;
CREATE TABLE `category` (
  `id` int(11) NOT NULL,
  `name` varchar(110) DEFAULT NULL,
  PRIMARY KEY (`id`)
) ENGINE=InnoDB DEFAULT CHARSET=utf8;
/*!40101 SET character_set_client = @saved_cs_client */;

--
-- Dumping data for table `category`
--

LOCK TABLES `category` WRITE;
/*!40000 ALTER TABLE `category` DISABLE KEYS */;
INSERT INTO `category` VALUES (1,'COLOR'),(2,'PLAY CATEGORY'),(3,'ACTION FIGURE'),(4,'VEHICLE'),(5,'PLAYSET'),(6,'ROLEPLAY'),(7,'GAME / BOARDGAME'),(8,'FOOD PREMIUM');
/*!40000 ALTER TABLE `category` ENABLE KEYS */;
UNLOCK TABLES;

--
-- Table structure for table `product`
--

DROP TABLE IF EXISTS `product`;
/*!40101 SET @saved_cs_client     = @@character_set_client */;
/*!40101 SET character_set_client = utf8 */;
CREATE TABLE `product` (
  `id` int(11) NOT NULL,
  `name` varchar(110) DEFAULT NULL,
  `details` varchar(1010) DEFAULT NULL,
  `sub_category_id` int(11) DEFAULT NULL,
  `tags` varchar(1010) DEFAULT NULL,
  `color` varchar(110) DEFAULT NULL,
  `play_category` varchar(110) DEFAULT NULL,
  `codes` varchar(1010) DEFAULT NULL,
  PRIMARY KEY (`id`)
) ENGINE=InnoDB DEFAULT CHARSET=utf8;
/*!40101 SET character_set_client = @saved_cs_client */;

--
-- Dumping data for table `product`
--

LOCK TABLES `product` WRITE;
/*!40000 ALTER TABLE `product` DISABLE KEYS */;
INSERT INTO `product` VALUES (0,'',NULL,NULL,NULL,NULL,NULL,NULL),(1,'','ff',15,'t T','BLACK / GRAY / SILVER','ACTION FIGURE','c C'),(3,'','datails toy test',15,'man male USA','BLUE / PURPLE','ACTION FIGURE','C1 C2'),(4,'','Det',15,'U V','BLACK / GRAY / SILVER','ACTION FIGURE','cc rr'),(5,'','deta',15,'fsd sdfa','BLACK / GRAY / SILVER','ACTION FIGURE','sdf '),(6,'','dett',17,'tt','BLACK / GRAY / SILVER','ACTION FIGURE',''),(7,'','rtwer',17,'tt t1','BLACK / GRAY / SILVER','ACTION FIGURE','');
/*!40000 ALTER TABLE `product` ENABLE KEYS */;
UNLOCK TABLES;

--
-- Table structure for table `related_product`
--

DROP TABLE IF EXISTS `related_product`;
/*!40101 SET @saved_cs_client     = @@character_set_client */;
/*!40101 SET character_set_client = utf8 */;
CREATE TABLE `related_product` (
  `id` int(11) NOT NULL,
  `product_id` int(11) NOT NULL
) ENGINE=InnoDB DEFAULT CHARSET=utf8;
/*!40101 SET character_set_client = @saved_cs_client */;

--
-- Dumping data for table `related_product`
--

LOCK TABLES `related_product` WRITE;
/*!40000 ALTER TABLE `related_product` DISABLE KEYS */;
INSERT INTO `related_product` VALUES (5,4),(1,5);
/*!40000 ALTER TABLE `related_product` ENABLE KEYS */;
UNLOCK TABLES;

--
-- Table structure for table `sub_category`
--

DROP TABLE IF EXISTS `sub_category`;
/*!40101 SET @saved_cs_client     = @@character_set_client */;
/*!40101 SET character_set_client = utf8 */;
CREATE TABLE `sub_category` (
  `id` int(11) NOT NULL,
  `name` varchar(110) DEFAULT NULL,
  `category_id` int(11) DEFAULT NULL,
  `category_name` varchar(110) DEFAULT NULL,
  PRIMARY KEY (`id`)
) ENGINE=InnoDB DEFAULT CHARSET=utf8;
/*!40101 SET character_set_client = @saved_cs_client */;

--
-- Dumping data for table `sub_category`
--

LOCK TABLES `sub_category` WRITE;
/*!40000 ALTER TABLE `sub_category` DISABLE KEYS */;
INSERT INTO `sub_category` VALUES (1,'BLACK / GRAY / SILVER',1,'COLOR'),(2,'WHITE / OFF-WHITE',1,'COLOR'),(3,'RED / PINK / MAROON / ORANGE',1,'COLOR'),(4,'BROWN / TAN',1,'COLOR'),(5,'BLUE / PURPLE',1,'COLOR'),(6,'GREEN / YELLOW / GOLD',1,'COLOR'),(7,'CLEAR / TRANSPARENT',1,'COLOR'),(8,'ALL COLORS',1,'COLOR'),(9,'ACTION FIGURE',2,'PLAY CATEGORY '),(10,'VEHICLE',2,'PLAY CATEGORY '),(11,'PLAYSET',2,'PLAY CATEGORY'),(12,'ROLEPLAY',2,'PLAY CATEGORY'),(13,'GAME / BOARDGAME',2,'PLAY CATEGORY'),(14,'FOOD PREMIUM',2,'PLAY CATEGORY'),(15,'HANDHELD',3,'ACTION FIGURE'),(16,'BODY',3,'ACTION FIGURE'),(17,'CONNECTION DEVICE',3,'ACTION FIGURE'),(18,'INDEPENDANT TRANSPORTATION',3,'ACTION FIGURE'),(19,'DISPLAY / STAND',3,'ACTION FIGURE'),(20,'PACK-IN',3,'ACTION FIGURE'),(21,'BODY / CHASIS',4,'VEHICLE'),(22,'WEAPON ATTACHMENTS',4,'VEHICLE'),(23,'TOOL ATTACHMENTS',4,'VEHICLE'),(24,'PROJECTILES',4,'VEHICLE'),(25,'WHEELS / TRACKS / TREADS',4,'VEHICLE'),(26,'STRUCTURAL ATTACHMENTS',4,'VEHICLE'),(27,'OPERATIONAL ATTACHMENTS',4,'VEHICLE'),(28,'INDEPENDENT WEAPONS',4,'VEHICLE'),(29,'BATTERY COVERS',4,'VEHICLE'),(30,'DISPLAYS / SCENERY',4,'VEHICLE'),(31,'CANOPIES / WINDSHIELDS',4,'VEHICLE'),(32,'CONNECTION DEVICES',4,'VEHICLE'),(33,'SEAT BELTS',4,'VEHICLE'),(34,'PRIMARY STRUCTURES',5,'PLAYSET'),(35,'SECONDARY STRUCTURES',5,'PLAYSET'),(36,'WEAPON ATTACHMENTS',5,'PLAYSET'),(37,'TOOL ATTACHMENTS',5,'PLAYSET'),(38,'PROJECTILES',5,'PLAYSET'),(39,'BASES',5,'PLAYSET'),(40,'STRUCTURAL ATTACHMENTS',5,'PLAYSET'),(41,'OPERATIONAL ATTACHEMNTS',5,'PLAYSET'),(42,'INDEPENDENT WEAPONS',5,'PLAYSET'),(43,'BATTERY COVERS',5,'PLAYSET'),(44,'DISPLAY / SCENERY',5,'PLAYSET'),(45,'CANOPIES / WINDSHIELDS',5,'PLAYSET'),(46,'CONNECTION DEVICES',5,'PLAYSET'),(47,'BODYWEAR',6,'ROLEPLAY'),(48,'WEAPON',6,'ROLEPLAY'),(49,'PROJECTILE',6,'ROLEPLAY'),(50,'FASHION',6,'ROLEPLAY'),(51,'PACK-IN',6,'ROLEPLAY'),(52,'GAME PIECE',7,'GAME / BOARDGAME'),(53,'GAME BOARD',7,'GAME / BOARDGAME'),(54,'RANDOM CHANCE DEVICE',7,'GAME / BOARDGAME'),(55,'GAME CARD',7,'GAME / BOARDGAME'),(56,'GAMEPLAY ACCESSORY',7,'GAME / BOARDGAME'),(57,'VERTICAL STRUCTURE',7,'GAME / BOARDGAME'),(58,'BATTERY COVER',7,'GAME / BOARDGAME'),(59,'FIGURE',8,'FOOD PREMIUM'),(60,'VEHICLE',8,'FOOD PREMIUM'),(61,'ALL-IN-ONE RIDING TOY',8,'FOOD PREMIUM');
/*!40000 ALTER TABLE `sub_category` ENABLE KEYS */;
UNLOCK TABLES;

--
-- Table structure for table `user`
--

DROP TABLE IF EXISTS `user`;
/*!40101 SET @saved_cs_client     = @@character_set_client */;
/*!40101 SET character_set_client = utf8 */;
CREATE TABLE `user` (
  `id` int(11) NOT NULL,
  `email` varchar(110) NOT NULL,
  `password` varchar(110) DEFAULT NULL,
  PRIMARY KEY (`id`),
  UNIQUE KEY `email` (`email`)
) ENGINE=InnoDB DEFAULT CHARSET=utf8;
/*!40101 SET character_set_client = @saved_cs_client */;

--
-- Dumping data for table `user`
--

LOCK TABLES `user` WRITE;
/*!40000 ALTER TABLE `user` DISABLE KEYS */;
INSERT INTO `user` VALUES (0,'0',NULL),(1,'admin','11'),(2,'admin2','11'),(3,'admin3','11');
/*!40000 ALTER TABLE `user` ENABLE KEYS */;
UNLOCK TABLES;
/*!40103 SET TIME_ZONE=@OLD_TIME_ZONE */;

/*!40101 SET SQL_MODE=@OLD_SQL_MODE */;
/*!40014 SET FOREIGN_KEY_CHECKS=@OLD_FOREIGN_KEY_CHECKS */;
/*!40014 SET UNIQUE_CHECKS=@OLD_UNIQUE_CHECKS */;
/*!40101 SET CHARACTER_SET_CLIENT=@OLD_CHARACTER_SET_CLIENT */;
/*!40101 SET CHARACTER_SET_RESULTS=@OLD_CHARACTER_SET_RESULTS */;
/*!40101 SET COLLATION_CONNECTION=@OLD_COLLATION_CONNECTION */;
/*!40111 SET SQL_NOTES=@OLD_SQL_NOTES */;

-- Dump completed on 2019-04-10  5:11:10
